Price,Area,Price per sqm,log_Price,log_Area,Manhattan_distance,Zip region,Zip num,District_v1,District_v2
385000.0,49,7857.142857142857,12.86099861326992,3.8918202981106265,0.05154416238744819,0,1094,Oost,the rest
930000.0,123,7560.975609756098,13.742939865129438,4.812184355372417,0.029114501874704324,0,1079,Zuid,Centrum + Zuid
500000.0,70,7142.857142857143,13.122363377404328,4.248495242049359,0.038423498125294664,0,1051,West,the rest
400000.0,107,3738.3177570093458,12.89921982609012,4.672828834461906,0.10797749812529656,0,1067,Nieuw-West,the rest
475000.0,98,4846.938775510204,13.071070083016778,4.584967478670572,0.06742349812529635,0,1061,Nieuw-West,the rest
350000.0,50,7000.0,12.765688433465597,3.912023005428146,0.04273349812529492,0,1057,West,the rest
450000.0,96,4687.5,13.017002861746503,4.564348191467836,0.11054050187470388,0,1087,Oost,the rest
1275000.0,165,7727.272727272727,14.058456736574664,5.10594547390058,0.011144498125292834,0,1016,Centrum,Centrum + Zuid
550000.0,66,8333.333333333334,13.217673557208654,4.189654742026425,0.006234501874705423,0,1017,Centrum,Centrum + Zuid
1200000.0,105,11428.57142857143,13.997832114758229,4.653960350157523,0.02038349812529283,0,1015,Centrum,Centrum + Zuid
799000.0,146,5472.602739726028,13.591116224748411,4.983606621708336,0.05016883761255553,0,1076,Zuid,Centrum + Zuid
950000.0,226,4203.539823008849,13.764217263576723,5.420534999272286,0.12696683761255212,0,1069,Nieuw-West,the rest
4900000.0,623,7865.168539325843,15.404745763080856,6.434546518787453,0.010041498125298531,0,1016,Centrum,Centrum + Zuid
425000.0,71,5985.915492957746,12.959844447906553,4.2626798770413155,0.05109649812529593,0,1055,West,the rest
790000.0,90,8777.777777777777,13.579788224443204,4.499809670330265,0.019985498125298484,0,1015,Centrum,Centrum + Zuid
265000.0,58,4568.9655172413795,12.487485104968359,4.060443010546419,0.09339350187470252,1,1102,Zuid-Oost,Zuid-Oost
575000.0,183,3142.0765027322404,13.262125319779487,5.209486152841421,0.06518949812529584,0,1033,Noord,the rest
350000.0,58,6034.482758620689,12.765688433465597,4.060443010546419,0.06248449812529877,0,1061,Nieuw-West,the rest
280000.0,82,3414.6341463414633,12.542544882151386,4.406719247264253,0.14967950187470613,1,1107,Zuid-Oost,Zuid-Oost
415000.0,61,6803.2786885245905,12.936033799212835,4.110873864173311,0.028531501874704546,0,1091,Oost,the rest
325000.0,55,5909.090909090909,12.691580461311874,4.007333185232471,0.058170837612550486,0,1081,Zuid,Centrum + Zuid
350000.0,87,4022.9885057471265,12.765688433465597,4.465908118654584,0.106564498125298,0,1067,Nieuw-West,the rest
1695000.0,117,14487.179487179486,14.343193298796688,4.762173934797756,0.01734383761255387,0,1071,Zuid,Centrum + Zuid
425000.0,74,5743.243243243243,12.959844447906553,4.30406509320417,0.034201498125296936,0,1051,West,the rest
735000.0,83,8855.421686746988,13.507625778194974,4.418840607796598,0.046682837612554984,0,1076,Zuid,Centrum + Zuid
230000.0,28,8214.285714285714,12.345834587905333,3.332204510175204,0.055045501874701586,0,1096,Oost,the rest
590000.0,76,7763.1578947368425,13.287877815881902,4.330733340286331,0.0568774981252993,0,1055,West,the rest
995000.0,146,6815.068493150685,13.81049801614073,4.983606621708336,0.007901162387450533,0,1017,Centrum,Centrum + Zuid
400000.0,59,6779.661016949152,12.89921982609012,4.07753744390572,0.03421949812529412,0,1051,West,the rest
469000.0,67,7000.0,13.058358047428417,4.204692619390966,0.0268744981252933,0,1015,Centrum,Centrum + Zuid
300000.0,54,5555.555555555556,12.611537753638338,3.9889840465642745,0.06421049812529578,0,1055,West,the rest
475000.0,60,7916.666666666667,13.071070083016778,4.0943445622221,0.02888749812529312,0,1053,West,the rest
275000.0,64,4296.875,12.524526376648708,4.1588830833596715,0.08844416238744923,0,1024,Noord,the rest
1450000.0,124,11693.548387096775,14.187074114396758,4.820281565605037,0.008661501874704491,0,1017,Centrum,Centrum + Zuid
375000.0,78,4807.692307692308,12.834681304952548,4.356708826689592,0.09433149812529695,0,1063,Nieuw-West,the rest
1650000.0,232,7112.068965517241,14.316285845876763,5.44673737166631,0.010212837612549208,0,1072,Zuid,Centrum + Zuid
550000.0,137,4014.598540145985,13.217673557208654,4.919980925828125,0.11596683761255377,0,1060,Nieuw-West,the rest
1025000.0,125,8200.0,13.840203170554645,4.8283137373023015,0.032659837612550646,0,1054,West,the rest
400000.0,79,5063.291139240507,12.89921982609012,4.3694478524670215,0.13027550187470727,0,1087,Oost,the rest
1625000.0,257,6322.95719844358,14.301018373745976,5.54907608489522,0.03401883761255409,0,1077,Zuid,Centrum + Zuid
985000.0,111,8873.873873873874,13.800396920154226,4.709530201312334,0.0093561623874443,0,1012,Centrum,Centrum + Zuid
325000.0,84,3869.0476190476193,12.691580461311874,4.430816798843313,0.0397808376125548,0,1082,Zuid,Centrum + Zuid
360000.0,42,8571.42857142857,12.793859310432293,3.7376696182833684,0.04319083761254916,0,1076,Zuid,Centrum + Zuid
595000.0,78,7628.205128205128,13.296316684527767,4.356708826689592,0.02133616238745084,0,1013,West,the rest
375000.0,47,7978.723404255319,12.834681304952548,3.8501476017100584,0.016290162387446294,0,1012,Centrum,Centrum + Zuid
175000.0,28,6250.0,12.072541252905651,3.332204510175204,0.09610416238744879,0,1025,Noord,the rest
1700000.0,194,8762.886597938144,14.346138809026444,5.267858159063328,0.008733501874704785,0,1017,Centrum,Centrum + Zuid
430000.0,58,7413.793103448276,12.971540487669746,4.060443010546419,0.05007883761255627,0,1058,Zuid,Centrum + Zuid
400000.0,61,6557.377049180328,12.89921982609012,4.110873864173311,0.03883549812529363,0,1057,West,the rest
1295000.0,145,8931.034482758621,14.074021253115776,4.976733742420574,0.01436516238744634,0,1011,Centrum,Centrum + Zuid
899000.0,128,7023.4375,13.709038313453757,4.852030263919617,0.11792416238744963,0,1027,Noord,the rest
900000.0,187,4812.834224598931,13.710150042306449,5.231108616854587,0.11162883761255138,0,1066,Nieuw-West,the rest
1795000.0,158,11360.759493670887,14.400515579904516,5.062595033026967,0.03448250187470503,0,1091,Oost,the rest
350000.0,88,3977.2727272727275,12.765688433465597,4.477336814478207,0.10663749812529488,0,1067,Nieuw-West,the rest
340000.0,47,7234.04255319149,12.736700896592344,3.8501476017100584,0.05051249812529246,0,1055,West,the rest
700000.0,106,6603.773584905661,13.458835614025542,4.663439094112067,0.05750183761255556,0,1059,Zuid,Centrum + Zuid
450000.0,56,8035.714285714285,13.017002861746503,4.02535169073515,0.014585837612555608,0,1072,Zuid,Centrum + Zuid
490000.0,62,7903.225806451613,13.102160670086809,4.127134385045092,0.015759498125293092,0,1054,West,the rest
375000.0,99,3787.878787878788,12.834681304952548,4.59511985013459,0.13411950187470634,1,1104,Zuid-Oost,Zuid-Oost
540000.0,79,6835.443037974684,13.199324418540456,4.3694478524670215,0.056215498125293806,0,1033,Noord,the rest
975000.0,221,4411.764705882353,13.790192749979985,5.3981627015177525,0.06315249812529533,0,1061,Nieuw-West,the rest
400000.0,54,7407.407407407408,12.89921982609012,3.9889840465642745,0.052993837612553385,0,1059,Zuid,Centrum + Zuid
400000.0,37,10810.81081081081,12.89921982609012,3.6109179126442243,0.044198837612554165,0,1075,Zuid,Centrum + Zuid
325000.0,77,4220.779220779221,12.691580461311874,4.343805421853684,0.08698416238744766,0,1024,Noord,the rest
1250000.0,180,6944.444444444444,14.038654109278484,5.19295685089021,0.050594162387449515,0,1031,Noord,the rest
700000.0,123,5691.056910569106,13.458835614025542,4.812184355372417,0.05609316238744455,0,1032,Noord,the rest
849000.0,120,7075.0,13.651814465293484,4.787491742782046,0.01668016238745107,0,1012,Centrum,Centrum + Zuid
685000.0,64,10703.125,13.437174117244362,4.1588830833596715,0.024707501874701165,0,1091,Oost,the rest
280000.0,64,4375.0,12.542544882151386,4.1588830833596715,0.08493283761255555,0,1068,Nieuw-West,the rest
525000.0,153,3431.372549019608,13.17115354157376,5.030437921392435,0.12417283761254971,0,1060,Nieuw-West,the rest
225000.0,56,4017.8571428571427,12.323855681186558,4.02535169073515,0.16978350187470248,1,1107,Zuid-Oost,Zuid-Oost
600000.0,90,6666.666666666667,13.304684934198283,4.499809670330265,0.057828837612549755,0,1059,Zuid,Centrum + Zuid
325000.0,43,7558.139534883721,12.691580461311874,3.7612001156935624,0.042797498125294986,0,1056,West,the rest
350000.0,83,4216.8674698795185,12.765688433465597,4.418840607796598,0.07238116238744485,0,1034,Noord,the rest
1750000.0,246,7113.821138211382,14.375126345899696,5.5053315359323625,0.026056508518177424,0,1019,Oost,the rest
825000.0,103,8009.708737864078,13.623138665316818,4.634728988229636,0.010750837612551578,0,1071,Zuid,Centrum + Zuid
179000.0,29,6172.413793103448,12.095141084822892,3.367295829986474,0.09248150187470117,1,1102,Zuid-Oost,Zuid-Oost
725000.0,118,6144.067796610169,13.493926933836812,4.770684624465665,0.04656849812529806,0,1013,West,the rest
825000.0,112,7366.071428571428,13.623138665316818,4.718498871295094,0.018100501874702246,0,1073,Zuid,Centrum + Zuid
319000.0,50,6380.0,12.672946381766982,3.912023005428146,0.058218498125299334,0,1055,West,the rest
485000.0,65,7461.538461538462,13.091904169919621,4.174387269895637,0.06411250187470774,0,1098,Oost,the rest
475000.0,115,4130.434782608696,13.071070083016778,4.74493212836325,0.12466083761255131,0,1060,Nieuw-West,the rest
675000.0,72,9375.0,13.422467969854667,4.276666119016055,0.03936383761255069,0,1075,Zuid,Centrum + Zuid
1575000.0,138,11413.04347826087,14.269765830241871,4.927253685157205,0.09161116238744871,0,1023,Noord,the rest
1050000.0,149,7046.979865771812,13.864300722133706,5.003946305945459,0.015450162387447897,0,1018,Centrum,Centrum + Zuid
3500000.0,374,9358.288770053476,15.068273526459642,5.924255797414532,0.04244183761254927,0,1075,Zuid,Centrum + Zuid
265000.0,71,3732.394366197183,12.487485104968359,4.2626798770413155,0.09706250187470378,1,1102,Zuid-Oost,Zuid-Oost
1149000.0,141,8148.936170212766,13.954402556830892,4.948759890378168,0.01764050187470545,0,1078,Zuid,Centrum + Zuid
485000.0,69,7028.985507246377,13.091904169919621,4.23410650459726,0.026015498125294023,0,1053,West,the rest
345000.0,48,7187.5,12.751299696013497,3.871201010907891,0.034131498125295145,0,1013,West,the rest
349000.0,82,4256.09756097561,12.762827201184564,4.406719247264253,0.1003598376125554,0,1069,Nieuw-West,the rest
300000.0,59,5084.745762711865,12.611537753638338,4.07753744390572,0.060482498125296935,0,1065,Nieuw-West,the rest
500000.0,82,6097.5609756097565,13.122363377404328,4.406719247264253,0.058684498125293416,0,1055,West,the rest
499000.0,75,6653.333333333333,13.120361374733656,4.31748811353631,0.033327501874705234,0,1079,Zuid,Centrum + Zuid
500000.0,83,6024.096385542169,13.122363377404328,4.418840607796598,0.06029516238744659,0,1032,Noord,the rest
359000.0,69,5202.898550724638,12.791077667470416,4.23410650459726,0.0949111623874499,0,1023,Noord,the rest
375000.0,88,4261.363636363636,12.834681304952548,4.477336814478207,0.08646683761255591,0,1068,Nieuw-West,the rest
499000.0,127,3929.1338582677167,13.120361374733656,4.844187086458591,0.10371583761255287,0,1069,Nieuw-West,the rest
500000.0,86,5813.953488372093,13.122363377404328,4.454347296253507,0.05794816238744893,0,1095,Oost,the rest
585000.0,75,7800.0,13.279367126213993,4.31748811353631,0.038251498125298156,0,1057,West,the rest
395000.0,68,5808.823529411765,12.886641043883259,4.219507705176107,0.05583216238744981,0,1021,Noord,the rest
300000.0,40,7500.0,12.611537753638338,3.6888794541139363,0.033734501874702616,0,1092,Oost,the rest
349500.0,51,6852.941176470588,12.764258840656002,3.9318256327243257,0.07532650187470491,0,1097,Oost,the rest
975000.0,180,5416.666666666667,13.790192749979985,5.19295685089021,0.05730816238745007,0,1036,Noord,the rest
750000.0,117,6410.25641025641,13.527828485512494,4.762173934797756,0.04671250187470122,0,1097,Oost,the rest
399000.0,49,8142.857142857143,12.896716695872,3.8918202981106265,0.0356714981252928,0,1058,Zuid,Centrum + Zuid
450000.0,53,8490.566037735849,13.017002861746503,3.970291913552122,0.00967249812529758,0,1017,Centrum,Centrum + Zuid
399000.0,40,9975.0,12.896716695872,3.6888794541139363,0.0038044981252953747,0,1017,Centrum,Centrum + Zuid
549001.0,107,5130.85046728972,13.215855541983634,4.672828834461906,0.1845755018747024,1,1109,Zuid-Oost,Zuid-Oost
300000.0,45,6666.666666666667,12.611537753638338,3.8066624897703196,0.029317498125296382,0,1052,West,the rest
664599.1509539059,107,6211.207018260803,13.406939357372332,4.672828834461906,0.061850162387449004,0,1019,Oost,the rest
645000.0,89,7247.191011235955,13.37700559577791,4.48863636973214,0.03310616238744846,0,1018,Centrum,Centrum + Zuid
550000.0,125,4400.0,13.217673557208654,4.8283137373023015,0.047104498125294825,0,1058,Zuid,Centrum + Zuid
450000.0,87,5172.413793103448,13.017002861746503,4.465908118654584,0.10329750187470221,0,1087,Oost,the rest
450000.0,53,8490.566037735849,13.017002861746503,3.970291913552122,0.034075498125293535,0,1051,West,the rest
350000.0,89,3932.5842696629215,12.765688433465597,4.48863636973214,0.06525449812529782,0,1035,Noord,the rest
298000.0,43,6930.232558139535,12.604848765487542,3.7612001156935624,0.0539381623874462,0,1021,Noord,the rest
350000.0,98,3571.4285714285716,12.765688433465597,4.584967478670572,0.108695501874708,1,1102,Zuid-Oost,Zuid-Oost
245000.0,71,3450.7042253521126,12.409013489526863,4.2626798770413155,0.10585283761255582,0,1069,Nieuw-West,the rest
450000.0,85,5294.117647058823,13.017002861746503,4.442651256490317,0.056095162387447495,0,1019,Oost,the rest
600000.0,136,4411.764705882353,13.304684934198283,4.912654885736052,0.09966283761255568,0,1069,Nieuw-West,the rest
525000.0,59,8898.305084745763,13.17115354157376,4.07753744390572,0.01485549812529463,0,1016,Centrum,Centrum + Zuid
1185000.0,160,7406.25,13.985253332551368,5.075173815233827,0.003341162387446417,0,1017,Centrum,Centrum + Zuid
415000.0,115,3608.695652173913,12.936033799212835,4.74493212836325,0.1133375018747067,1,1103,Zuid-Oost,Zuid-Oost
285000.0,69,4130.434782608696,12.560244459250788,4.23410650459726,0.13334850187470604,1,1104,Zuid-Oost,Zuid-Oost
725000.0,101,7178.217821782178,13.493926933836812,4.61512051684126,0.047697162387450476,0,1018,Centrum,Centrum + Zuid
675000.0,129,5232.558139534884,13.422467969854667,4.859812404361672,0.0885728376125563,0,1066,Nieuw-West,the rest
325000.0,81,4012.3456790123455,12.691580461311874,4.394449154672439,0.08840483761255058,0,1068,Nieuw-West,the rest
825000.0,100,8250.0,13.623138665316818,4.605170185988092,0.02912283761255008,0,1077,Zuid,Centrum + Zuid
475000.0,60,7916.666666666667,13.071070083016778,4.0943445622221,0.05335383761255574,0,1059,Zuid,Centrum + Zuid
520000.0,69,7536.231884057971,13.16158409055761,4.23410650459726,0.03982150187470612,0,1092,Oost,the rest
250000.0,84,2976.190476190476,12.429216196844383,4.430816798843313,0.10029316238744634,0,1024,Noord,the rest
300000.0,79,3797.46835443038,12.611537753638338,4.3694478524670215,0.08624483761254975,0,1068,Nieuw-West,the rest
225000.0,43,5232.558139534884,12.323855681186558,3.7612001156935624,0.09925250187470613,1,1102,Zuid-Oost,Zuid-Oost
450000.0,55,8181.818181818182,13.017002861746503,4.007333185232471,0.054178501874708296,0,1097,Oost,the rest
385000.0,37,10405.405405405405,12.86099861326992,3.6109179126442243,0.044198837612554165,0,1075,Zuid,Centrum + Zuid
3925000.0,319,12304.075235109718,15.182876909198646,5.765191102784844,0.01537383761255473,0,1054,West,the rest
450000.0,45,10000.0,13.017002861746503,3.8066624897703196,0.02067150187470368,0,1091,Oost,the rest
345000.0,69,5000.0,12.751299696013497,4.23410650459726,0.10526049812529248,0,1067,Nieuw-West,the rest
425000.0,102,4166.666666666667,12.959844447906553,4.624972813284271,0.11830549812529512,0,1067,Nieuw-West,the rest
275000.0,23,11956.521739130434,12.524526376648708,3.1354942159291497,0.025187498125296415,0,1015,Centrum,Centrum + Zuid
475000.0,90,5277.777777777777,13.071070083016778,4.499809670330265,0.11069050187470264,0,1087,Oost,the rest
395000.0,66,5984.848484848485,12.886641043883259,4.189654742026425,0.04182583761255643,0,1083,Zuid,Centrum + Zuid
325000.0,48,6770.833333333333,12.691580461311874,3.871201010907891,0.061094498125296326,0,1055,West,the rest
3500000.0,348,10057.471264367816,15.068273526459642,5.8522024797744745,0.012932162387446766,0,1015,Centrum,Centrum + Zuid
375000.0,90,4166.666666666667,12.834681304952548,4.499809670330265,0.14842150187470615,1,1104,Zuid-Oost,Zuid-Oost
989000.0,171,5783.625730994152,13.804449610604848,5.14166355650266,0.06037716238744384,0,1035,Noord,the rest
375000.0,111,3378.3783783783783,12.834681304952548,4.709530201312334,0.14276950187470216,1,1106,Zuid-Oost,Zuid-Oost
750000.0,118,6355.932203389831,13.527828485512494,4.770684624465665,0.055910162387446505,0,1019,Oost,the rest
1200000.0,81,14814.814814814816,13.997832114758229,4.394449154672439,0.03701183761255411,0,1054,West,the rest
345000.0,50,6900.0,12.751299696013497,3.912023005428146,0.06254349812529814,0,1055,West,the rest
350000.0,92,3804.3478260869565,12.765688433465597,4.5217885770490405,0.0952451623874504,0,1024,Noord,the rest
1395000.0,133,10488.721804511279,14.148404973237604,4.890349128221754,0.06533216238744632,0,1035,Noord,the rest
275000.0,57,4824.561403508772,12.524526376648708,4.04305126783455,0.09328983761255483,0,1068,Nieuw-West,the rest
375000.0,94,3989.3617021276596,12.834681304952548,4.543294782270004,0.10525949812529856,0,1067,Nieuw-West,the rest
315000.0,81,3888.8888888888887,12.66032791780777,4.394449154672439,0.08699783761255553,0,1068,Nieuw-West,the rest
330000.0,108,3055.5555555555557,12.706847933442663,4.68213122712422,0.1464105018747066,1,1106,Zuid-Oost,Zuid-Oost
375000.0,38,9868.421052631578,12.834681304952548,3.6375861597263857,0.0038044981252953747,0,1017,Centrum,Centrum + Zuid
775000.0,127,6102.36220472441,13.560618308335483,4.844187086458591,0.006302501874703381,0,1017,Centrum,Centrum + Zuid
525000.0,70,7500.0,13.17115354157376,4.248495242049359,0.01971850187470281,0,1074,Zuid,Centrum + Zuid
200000.0,27,7407.407407407408,12.206072645530174,3.295836866004329,0.09047849812529485,0,1063,Nieuw-West,the rest
375000.0,51,7352.941176470588,12.834681304952548,3.9318256327243257,0.03773149812529919,0,1056,West,the rest
389000.0,30,12966.666666666666,12.871334622600584,3.4011973816621555,0.02772816238744813,0,1011,Centrum,Centrum + Zuid
439000.0,57,7701.754385964912,12.992254692057308,4.04305126783455,0.04288883761255402,0,1076,Zuid,Centrum + Zuid
600000.0,114,5263.1578947368425,13.304684934198283,4.736198448394496,0.052738837612550604,0,1062,Nieuw-West,the rest
350000.0,77,4545.454545454545,12.765688433465597,4.343805421853684,0.08881316238744397,0,1024,Noord,the rest
399500.0,99,4035.3535353535353,12.897969044188466,4.59511985013459,0.105202837612552,0,1069,Nieuw-West,the rest
335000.0,61,5491.803278688524,12.721885810807203,4.110873864173311,0.0339444981252921,0,1013,West,the rest
350000.0,68,5147.058823529412,12.765688433465597,4.219507705176107,0.060675498125298155,0,1065,Nieuw-West,the rest
440000.0,59,7457.627118644068,12.994530005894443,4.07753744390572,0.0413478376125509,0,1058,Zuid,Centrum + Zuid
375000.0,45,8333.333333333334,12.834681304952548,3.8066624897703196,0.012041837612554396,0,1072,Zuid,Centrum + Zuid
225000.0,65,3461.5384615384614,12.323855681186558,4.174387269895637,0.12158150187470174,1,1102,Zuid-Oost,Zuid-Oost
1698000.0,205,8282.926829268292,14.344961645853429,5.3230099791384085,0.03988483761255157,0,1075,Zuid,Centrum + Zuid
1695000.0,467,3629.5503211991436,14.343193298796688,6.1463292576688975,0.13045216238745017,0,1027,Noord,the rest
850000.0,117,7264.957264957265,13.652991628466498,4.762173934797756,0.015461501874703742,0,1078,Zuid,Centrum + Zuid
235000.0,58,4051.7241379310344,12.367340793126296,4.060443010546419,0.09554450187470831,1,1102,Zuid-Oost,Zuid-Oost
325000.0,85,3823.529411764706,12.691580461311874,4.442651256490317,0.14084350187470562,1,1108,Zuid-Oost,Zuid-Oost
1095000.0,204,5367.64705882353,13.906264921232738,5.318119993844216,0.017660498125292357,0,1053,West,the rest
225000.0,60,3750.0,12.323855681186558,4.0943445622221,0.107368837612551,0,1069,Nieuw-West,the rest
250000.0,60,4166.666666666667,12.429216196844383,4.0943445622221,0.09521850187470715,1,1102,Zuid-Oost,Zuid-Oost
600000.0,129,4651.162790697675,13.304684934198283,4.859812404361672,0.023241162387448888,0,1011,Centrum,Centrum + Zuid
340000.0,78,4358.974358974359,12.736700896592344,4.356708826689592,0.0701974981252933,0,1064,Nieuw-West,the rest
975000.0,93,10483.870967741936,13.790192749979985,4.532599493153256,0.014977837612554445,0,1071,Zuid,Centrum + Zuid
999500.0,151,6619.205298013245,13.815010432922591,5.017279836814924,0.03149216238744579,0,1011,Centrum,Centrum + Zuid
525000.0,63,8333.333333333334,13.17115354157376,4.143134726391533,0.025292162387446915,0,1013,West,the rest
320000.0,104,3076.923076923077,12.676076274775909,4.6443908991413725,0.15294450187470243,1,1106,Zuid-Oost,Zuid-Oost
475000.0,58,8189.6551724137935,13.071070083016778,4.060443010546419,0.004127498125294338,0,1017,Centrum,Centrum + Zuid
365000.0,78,4679.48717948718,12.80765263256463,4.356708826689592,0.033977837612553685,0,1083,Zuid,Centrum + Zuid
300000.0,78,3846.153846153846,12.611537753638338,4.356708826689592,0.09263316238745034,0,1024,Noord,the rest
650000.0,102,6372.549019607844,13.38472764187182,4.624972813284271,0.039903501874707814,0,1092,Oost,the rest
550000.0,102,5392.156862745098,13.217673557208654,4.624972813284271,0.04818249812529718,0,1055,West,the rest
375000.0,52,7211.538461538462,12.834681304952548,3.9512437185814275,0.039907498125292484,0,1057,West,the rest
295000.0,65,4538.461538461538,12.594730635321957,4.174387269895637,0.1072604981252967,0,1067,Nieuw-West,the rest
300000.0,35,8571.42857142857,12.611537753638338,3.5553480614894135,0.02100949812529418,0,1053,West,the rest
400000.0,58,6896.551724137931,12.89921982609012,4.060443010546419,0.041013501874707536,0,1091,Oost,the rest
250000.0,70,3571.4285714285716,12.429216196844383,4.248495242049359,0.12525450187470089,1,1104,Zuid-Oost,Zuid-Oost
835000.0,120,6958.333333333333,13.635187003832993,4.787491742782046,0.025036498125295736,0,1015,Centrum,Centrum + Zuid
245000.0,68,3602.9411764705883,12.409013489526863,4.219507705176107,0.149692401874705,1,1107,Zuid-Oost,Zuid-Oost
300000.0,41,7317.073170731707,12.611537753638338,3.713572066704308,0.03499949812529923,0,1051,West,the rest
1450000.0,273,5311.355311355312,14.187074114396758,5.60947179518496,0.0665151623874447,0,1019,Oost,the rest
325000.0,40,8125.0,12.691580461311874,3.6888794541139363,0.02887949812529733,0,1053,West,the rest
275000.0,56,4910.714285714285,12.524526376648708,4.02535169073515,0.10262916238744602,0,1024,Noord,the rest
270000.0,38,7105.263157894737,12.506177237980511,3.6375861597263857,0.03986849812529769,0,1051,West,the rest
1750000.0,212,8254.716981132075,14.375126345899696,5.356586274672012,0.013463498125296347,0,1016,Centrum,Centrum + Zuid
785000.0,95,8263.157894736842,13.573438996764546,4.553876891600541,0.033179498125298856,0,1057,West,the rest
295000.0,106,2783.0188679245284,12.594730635321957,4.663439094112067,0.15559250187470575,1,1107,Zuid-Oost,Zuid-Oost
520000.0,80,6500.0,13.16158409055761,4.382026634673881,0.04974983761255647,0,1082,Zuid,Centrum + Zuid
2750000.0,309,8899.676375404531,14.827111469642754,5.733341276897746,0.040474837612553216,0,1076,Zuid,Centrum + Zuid
450000.0,107,4205.607476635514,13.017002861746503,4.672828834461906,0.0637281623874495,0,1035,Noord,the rest
485000.0,73,6643.835616438356,13.091904169919621,4.290459441148391,0.0407731623874481,0,1018,Centrum,Centrum + Zuid
625000.0,72,8680.555555555555,13.345506928718539,4.276666119016055,0.016998501874703642,0,1073,Zuid,Centrum + Zuid
699000.0,98,7132.65306122449,13.457406021215947,4.584967478670572,0.06804683761255337,0,1081,Zuid,Centrum + Zuid
425000.0,58,7327.586206896552,12.959844447906553,4.060443010546419,0.038863837612556296,0,1058,Zuid,Centrum + Zuid
825000.0,178,4634.831460674157,13.623138665316818,5.181783550292085,0.05778783761255024,0,1082,Zuid,Centrum + Zuid
395000.0,42,9404.761904761905,12.886641043883259,3.7376696182833684,0.01625149812529436,0,1016,Centrum,Centrum + Zuid
350000.0,45,7777.777777777777,12.765688433465597,3.8066624897703196,0.03579949812529826,0,1051,West,the rest
525000.0,112,4687.5,13.17115354157376,4.718498871295094,0.0985738376125509,0,1069,Nieuw-West,the rest
325000.0,41,7926.829268292683,12.691580461311874,3.713572066704308,0.034974498125297515,0,1051,West,the rest
625000.0,75,8333.333333333334,13.345506928718539,4.31748811353631,0.03353449812529696,0,1057,West,the rest
1400000.0,153,9150.32679738562,14.151982794585487,5.030437921392435,0.030596837612555383,0,1077,Zuid,Centrum + Zuid
685000.0,80,8562.5,13.437174117244362,4.382026634673881,0.04226583761255487,0,1075,Zuid,Centrum + Zuid
250000.0,57,4385.964912280701,12.429216196844383,4.04305126783455,0.09330483761255426,0,1068,Nieuw-West,the rest
445000.0,66,6742.424242424242,13.005829561148378,4.189654742026425,0.05204249812529582,0,1055,West,the rest
650000.0,125,5200.0,13.38472764187182,4.8283137373023015,0.05575516238744793,0,1036,Noord,the rest
725000.0,103,7038.834951456311,13.493926933836812,4.634728988229636,0.03988449812529282,0,1057,West,the rest
900000.0,159,5660.377358490566,13.710150042306449,5.0689042022202315,0.041612837612555964,0,1083,Zuid,Centrum + Zuid
475000.0,124,3830.6451612903224,13.071070083016778,4.820281565605037,0.05417049812529484,0,1061,Nieuw-West,the rest
698000.0,89,7842.696629213483,13.45597438174451,4.48863636973214,0.016117501874702178,0,1072,Zuid,Centrum + Zuid
600000.0,146,4109.58904109589,13.304684934198283,4.983606621708336,0.12167983761255208,0,1060,Nieuw-West,the rest
1050000.0,119,8823.529411764706,13.864300722133706,4.77912349311153,0.03882183761255398,0,1075,Zuid,Centrum + Zuid
325000.0,97,3350.5154639175257,12.691580461311874,4.574710978503383,0.1105085018747074,1,1102,Zuid-Oost,Zuid-Oost
699000.0,108,6472.222222222223,13.457406021215947,4.68213122712422,0.021851498125298185,0,1016,Centrum,Centrum + Zuid
250000.0,70,3571.4285714285716,12.429216196844383,4.248495242049359,0.1501315018747027,1,1107,Zuid-Oost,Zuid-Oost
595000.0,100,5950.0,13.296316684527767,4.605170185988092,0.04928783761255495,0,1058,Zuid,Centrum + Zuid
385000.0,53,7264.1509433962265,12.86099861326992,3.970291913552122,0.026650501874702748,0,1078,Zuid,Centrum + Zuid
425000.0,56,7589.285714285715,12.959844447906553,4.02535169073515,0.07802950187470703,0,1051,West,the rest
525000.0,76,6907.894736842105,13.17115354157376,4.330733340286331,0.040222501874707106,0,1092,Oost,the rest
800000.0,123,6504.065040650406,13.592367006650065,4.812184355372417,0.015388501874700644,0,1078,Zuid,Centrum + Zuid
725000.0,87,8333.333333333334,13.493926933836812,4.465908118654584,0.028232498125299266,0,1015,Centrum,Centrum + Zuid
465000.0,73,6369.86301369863,13.049792684569493,4.290459441148391,0.05304916238744628,0,1021,Noord,the rest
348738.0,79,4414.405063291139,12.762076202923572,4.3694478524670215,0.13917060187470387,0,1087,Oost,the rest
425000.0,50,8500.0,12.959844447906553,3.912023005428146,0.0410234981252966,0,1057,West,the rest
395000.0,44,8977.272727272728,12.886641043883259,3.784189633918261,0.0223615018747072,0,1091,Oost,the rest
565000.0,94,6010.63829787234,13.244581010128577,4.543294782270004,0.06541983761255388,0,1065,Nieuw-West,the rest
325000.0,71,4577.4647887323945,12.691580461311874,4.2626798770413155,0.0720038376125558,0,1065,Nieuw-West,the rest
300000.0,90,3333.3333333333335,12.611537753638338,4.499809670330265,0.15793550187470462,1,1106,Zuid-Oost,Zuid-Oost
875000.0,135,6481.481481481482,13.681979165339751,4.90527477843843,0.06201416238745061,0,1035,Noord,the rest
285000.0,96,2968.75,12.560244459250788,4.564348191467836,0.128212501874704,1,1104,Zuid-Oost,Zuid-Oost
1250000.0,157,7961.783439490446,14.038654109278484,5.056245805348308,0.014381837612550186,0,1054,West,the rest
575000.0,134,4291.044776119403,13.262125319779487,4.897839799950911,0.09132483761255372,0,1066,Nieuw-West,the rest
560000.0,73,7671.232876712329,13.235692062711331,4.290459441148391,0.03361983761255338,0,1054,West,the rest
500000.0,64,7812.5,13.122363377404328,4.1588830833596715,0.03817283761255297,0,1058,Zuid,Centrum + Zuid
400000.0,53,7547.169811320755,12.89921982609012,3.970291913552122,0.04347183761255202,0,1076,Zuid,Centrum + Zuid
650000.0,87,7471.264367816092,13.38472764187182,4.465908118654584,0.0699419905789389,0,1019,Oost,the rest
370000.0,46,8043.478260869565,12.821258284620408,3.828641396489095,0.03141549812529476,0,1053,West,the rest
675000.0,84,8035.714285714285,13.422467969854667,4.430816798843313,0.03588183761255603,0,1058,Zuid,Centrum + Zuid
390000.0,58,6724.137931034483,12.873902018105829,4.060443010546419,0.038731498125298636,0,1057,West,the rest
300000.0,46,6521.739130434783,12.611537753638338,3.828641396489095,0.04020250187470342,0,1091,Oost,the rest
4550000.0,497,9154.929577464789,15.330637790927133,6.208590026096629,0.012950501874704479,0,1017,Centrum,Centrum + Zuid
1200000.0,166,7228.915662650603,13.997832114758229,5.111987788356544,0.01799483761254983,0,1054,West,the rest
350000.0,50,7000.0,12.765688433465597,3.912023005428146,0.04160649812529549,0,1057,West,the rest
850000.0,90,9444.444444444445,13.652991628466498,4.499809670330265,0.02176150187470416,0,1018,Centrum,Centrum + Zuid
695000.0,107,6495.327102803738,13.45166712454693,4.672828834461906,0.05274316238744703,0,1019,Oost,the rest
295000.0,91,3241.7582417582416,12.594730635321957,4.51085950651685,0.10854683761255579,0,1069,Nieuw-West,the rest
685000.0,91,7527.472527472528,13.437174117244362,4.51085950651685,0.023871501874703327,0,1074,Zuid,Centrum + Zuid
550000.0,57,9649.122807017544,13.217673557208654,4.04305126783455,0.013136498125293272,0,1016,Centrum,Centrum + Zuid
1150000.0,162,7098.765432098766,13.955272500339433,5.087596335232384,0.013517162387450377,0,1012,Centrum,Centrum + Zuid
439000.0,55,7981.818181818182,12.992254692057308,4.007333185232471,0.027432162387445835,0,1011,Centrum,Centrum + Zuid
385000.0,65,5923.076923076923,12.86099861326992,4.174387269895637,0.04079683761255026,0,1082,Zuid,Centrum + Zuid
885000.0,136,6507.35294117647,13.693342923990066,4.912654885736052,0.028703837612553684,0,1077,Zuid,Centrum + Zuid
550000.0,74,7432.4324324324325,13.217673557208654,4.30406509320417,0.022190498125293168,0,1053,West,the rest
325000.0,81,4012.3456790123455,12.691580461311874,4.394449154672439,0.08969349812529437,0,1063,Nieuw-West,the rest
425000.0,57,7456.140350877193,12.959844447906553,4.04305126783455,0.06164849812529649,0,1055,West,the rest
300000.0,78,3846.153846153846,12.611537753638338,4.356708826689592,0.0923821623874499,0,1024,Noord,the rest
500000.0,76,6578.9473684210525,13.122363377404328,4.330733340286331,0.04396649812529585,0,1013,West,the rest
425000.0,48,8854.166666666666,12.959844447906553,3.871201010907891,0.025738498125295273,0,1015,Centrum,Centrum + Zuid
209000.0,59,3542.3728813559323,12.250089530946948,4.07753744390572,0.15148050187470563,1,1106,Zuid-Oost,Zuid-Oost
5950000.0,394,15101.522842639593,15.598901777521812,5.976350909297934,0.00457149812529245,0,1017,Centrum,Centrum + Zuid
445000.0,66,6742.424242424242,13.005829561148378,4.189654742026425,0.026266162387448944,0,1011,Centrum,Centrum + Zuid
400000.0,89,4494.38202247191,12.89921982609012,4.48863636973214,0.13612350187470312,0,1087,Oost,the rest
295000.0,47,6276.595744680851,12.594730635321957,3.8501476017100584,0.04684849812529546,0,1055,West,the rest
325000.0,88,3693.181818181818,12.691580461311874,4.477336814478207,0.08109883761255432,0,1068,Nieuw-West,the rest
245000.0,61,4016.3934426229507,12.409013489526863,4.110873864173311,0.10732983761255266,0,1069,Nieuw-West,the rest
250000.0,84,2976.190476190476,12.429216196844383,4.430816798843313,0.09896816238744854,0,1024,Noord,the rest
825000.0,97,8505.154639175258,13.623138665316818,4.574710978503383,0.018504501874707202,0,1074,Zuid,Centrum + Zuid
1100000.0,147,7482.993197278912,13.9108207377686,4.990432586778736,0.020423837612556284,0,1071,Zuid,Centrum + Zuid
350000.0,59,5932.203389830508,12.765688433465597,4.07753744390572,0.04582749812529663,0,1058,Zuid,Centrum + Zuid
950000.0,148,6418.918918918919,13.764217263576723,4.997212273764115,0.03704983761255409,0,1077,Zuid,Centrum + Zuid
549000.0,91,6032.9670329670325,13.215853720491667,4.51085950651685,0.0672311623874462,0,1019,Oost,the rest
350000.0,39,8974.358974358975,12.765688433465597,3.6635616461296463,0.03743949812529568,0,1051,West,the rest
325000.0,88,3693.181818181818,12.691580461311874,4.477336814478207,0.08334783761254982,0,1068,Nieuw-West,the rest
375000.0,118,3177.9661016949153,12.834681304952548,4.770684624465665,0.0835204981252975,0,1063,Nieuw-West,the rest
539000.0,75,7186.666666666667,13.197470849891134,4.31748811353631,0.037264498125296086,0,1057,West,the rest
700000.0,76,9210.526315789473,13.458835614025542,4.330733340286331,0.0065211623874459335,0,1017,Centrum,Centrum + Zuid
495000.0,81,6111.111111111111,13.112313041550827,4.394449154672439,0.04931683761255634,0,1082,Zuid,Centrum + Zuid
285000.0,41,6951.219512195122,12.560244459250788,3.713572066704308,0.04092750187470262,0,1092,Oost,the rest
275000.0,57,4824.561403508772,12.524526376648708,4.04305126783455,0.08252116238744556,0,1025,Noord,the rest
575000.0,70,8214.285714285714,13.262125319779487,4.248495242049359,0.01229416238744907,0,1017,Centrum,Centrum + Zuid
1000000.0,122,8196.72131147541,13.815510557964274,4.804021044733257,0.03360583761254965,0,1054,West,the rest
350000.0,65,5384.615384615385,12.765688433465597,4.174387269895637,0.053573498125298435,0,1033,Noord,the rest
475000.0,80,5937.5,13.071070083016778,4.382026634673881,0.04039483761255269,0,1077,Zuid,Centrum + Zuid
350000.0,51,6862.745098039216,12.765688433465597,3.9318256327243257,0.033192498125295344,0,1058,Zuid,Centrum + Zuid
439000.0,48,9145.833333333334,12.992254692057308,3.871201010907891,0.032933162387448256,0,1018,Centrum,Centrum + Zuid
325000.0,43,7558.139534883721,12.691580461311874,3.7612001156935624,0.04814516238744826,0,1094,Oost,the rest
1150000.0,144,7986.111111111111,13.955272500339433,4.969813299576001,0.015193498125293026,0,1054,West,the rest
325000.0,99,3282.8282828282827,12.691580461311874,4.59511985013459,0.14027750187470467,1,1104,Zuid-Oost,Zuid-Oost
550000.0,78,7051.282051282052,13.217673557208654,4.356708826689592,0.03274983761255168,0,1077,Zuid,Centrum + Zuid
998000.0,121,8247.933884297521,13.813508555293602,4.795790545596741,0.01758816238745098,0,1015,Centrum,Centrum + Zuid
399000.0,66,6045.454545454545,12.896716695872,4.189654742026425,0.042747501874704774,0,1092,Oost,the rest
335000.0,92,3641.304347826087,12.721885810807203,4.5217885770490405,0.07884016238744973,0,1025,Noord,the rest
325000.0,80,4062.5,12.691580461311874,4.382026634673881,0.062104162387446316,0,1034,Noord,the rest
550000.0,102,5392.156862745098,13.217673557208654,4.624972813284271,0.056556501874704956,0,1095,Oost,the rest
300000.0,65,4615.384615384615,12.611537753638338,4.174387269895637,0.0662454981252969,0,1064,Nieuw-West,the rest
425000.0,58,7327.586206896552,12.959844447906553,4.060443010546419,0.037571498125291924,0,1057,West,the rest
585000.0,82,7134.1463414634145,13.279367126213993,4.406719247264253,0.028299498125297973,0,1052,West,the rest
1700000.0,203,8374.384236453201,14.346138809026444,5.313205979041787,0.0325458376125507,0,1077,Zuid,Centrum + Zuid
575000.0,78,7371.794871794872,13.262125319779487,4.356708826689592,0.0411334981252951,0,1056,West,the rest
225000.0,60,3750.0,12.323855681186558,4.0943445622221,0.10012850187470423,1,1102,Zuid-Oost,Zuid-Oost
580000.0,128,4531.25,13.270783382522602,4.852030263919617,0.1187758376125565,0,1060,Nieuw-West,the rest
635000.0,81,7839.506172839506,13.36138027787483,4.394449154672439,0.02462150187470602,0,1078,Zuid,Centrum + Zuid
600000.0,108,5555.555555555556,13.304684934198283,4.68213122712422,0.08646616238744542,0,1095,Oost,the rest
250000.0,29,8620.689655172413,12.429216196844383,3.367295829986474,0.020310498125295062,0,1053,West,the rest
1500000.0,194,7731.958762886598,14.22097566607244,5.267858159063328,0.02504616238744717,0,1011,Centrum,Centrum + Zuid
685000.0,183,3743.1693989071036,13.437174117244362,5.209486152841421,0.12734583761255447,0,1060,Nieuw-West,the rest
475000.0,105,4523.809523809524,13.071070083016778,4.653960350157523,0.05682116238744506,0,1036,Noord,the rest
295000.0,46,6413.04347826087,12.594730635321957,3.828641396489095,0.07273249812529414,0,1063,Nieuw-West,the rest
500000.0,72,6944.444444444444,13.122363377404328,4.276666119016055,0.05297450187470343,0,1097,Oost,the rest
650000.0,120,5416.666666666667,13.38472764187182,4.787491742782046,0.03533016238744402,0,1093,Oost,the rest
425000.0,68,6250.0,12.959844447906553,4.219507705176107,0.06506250187470553,0,1098,Oost,the rest
315000.0,102,3088.235294117647,12.66032791780777,4.624972813284271,0.16210150187470163,1,1107,Zuid-Oost,Zuid-Oost
350000.0,92,3804.3478260869565,12.765688433465597,4.5217885770490405,0.10329649812529684,0,1067,Nieuw-West,the rest
687500.0,86,7994.186046511628,13.440817108522863,4.454347296253507,0.04409283761255001,0,1075,Zuid,Centrum + Zuid
475000.0,96,4947.916666666667,13.071070083016778,4.564348191467836,0.08059950187470655,0,1098,Oost,the rest
285000.0,85,3352.9411764705883,12.560244459250788,4.442651256490317,0.09610216238744584,0,1024,Noord,the rest
245000.0,71,3450.7042253521126,12.409013489526863,4.2626798770413155,0.1544345018747011,1,1106,Zuid-Oost,Zuid-Oost
325000.0,98,3316.326530612245,12.691580461311874,4.584967478670572,0.11253450187470193,1,1102,Zuid-Oost,Zuid-Oost
600000.0,145,4137.931034482759,13.304684934198283,4.976733742420574,0.11799683761255242,0,1066,Nieuw-West,the rest
575000.0,119,4831.9327731092435,13.262125319779487,4.77912349311153,0.05864249812529465,0,1055,West,the rest
440000.0,115,3826.086956521739,12.994530005894443,4.74493212836325,0.10568549812529415,0,1067,Nieuw-West,the rest
325000.0,77,4220.779220779221,12.691580461311874,4.343805421853684,0.05049116238744489,0,1033,Noord,the rest
375000.0,44,8522.727272727272,12.834681304952548,3.784189633918261,0.026223498125295563,0,1013,West,the rest
570000.0,63,9047.619047619048,13.253391639810733,4.143134726391533,0.033926837612551886,0,1054,West,the rest
425000.0,69,6159.420289855072,12.959844447906553,4.23410650459726,0.05593949812529608,0,1055,West,the rest
550000.0,61,9016.393442622952,13.217673557208654,4.110873864173311,0.015065837612551647,0,1071,Zuid,Centrum + Zuid
295000.0,89,3314.6067415730336,12.594730635321957,4.48863636973214,0.09450050187470627,1,1102,Zuid-Oost,Zuid-Oost
360000.0,41,8780.487804878048,12.793859310432293,3.713572066704308,0.03588249812529565,0,1051,West,the rest
335000.0,49,6836.734693877551,12.721885810807203,3.8918202981106265,0.046045162387447824,0,1094,Oost,the rest
350000.0,72,4861.111111111111,12.765688433465597,4.276666119016055,0.052783162387444627,0,1033,Noord,the rest
275000.0,40,6875.0,12.524526376648708,3.6888794541139363,0.05516316238744956,0,1033,Noord,the rest
375000.0,96,3906.25,12.834681304952548,4.564348191467836,0.09269583761255262,0,1068,Nieuw-West,the rest
325000.0,46,7065.217391304348,12.691580461311874,3.828641396489095,0.031331498125294566,0,1052,West,the rest
545000.0,110,4954.545454545455,13.208541073645382,4.700480365792417,0.11700749812529487,0,1067,Nieuw-West,the rest
575000.0,80,7187.5,13.262125319779487,4.382026634673881,0.021312162387447486,0,1013,West,the rest
469000.0,90,5211.111111111111,13.058358047428417,4.499809670330265,0.0258151623874463,0,1011,Centrum,Centrum + Zuid
360000.0,49,7346.938775510204,12.793859310432293,3.8918202981106265,0.05217649812529501,0,1055,West,the rest
760000.0,90,8444.444444444445,13.541073712262515,4.499809670330265,0.020840498125297202,0,1015,Centrum,Centrum + Zuid
700000.0,102,6862.745098039216,13.458835614025542,4.624972813284271,0.08954916238744914,0,1095,Oost,the rest
850000.0,110,7727.272727272727,13.652991628466498,4.700480365792417,0.04844550187470453,0,1094,Oost,the rest
1085000.0,131,8282.442748091604,13.897090544956697,4.875197323201151,0.02862683761255358,0,1077,Zuid,Centrum + Zuid
369000.0,47,7851.063829787234,12.818551923022664,3.8501476017100584,0.04591116238745041,0,1094,Oost,the rest
539000.0,88,6125.0,13.197470849891134,4.477336814478207,0.06799816238744949,0,1019,Oost,the rest
450000.0,73,6164.3835616438355,13.017002861746503,4.290459441148391,0.037641498125299044,0,1013,West,the rest
1050000.0,151,6953.64238410596,13.864300722133706,5.017279836814924,0.00980683761255463,0,1054,West,the rest
515000.0,130,3961.5384615384614,13.151922179645874,4.867534450455582,0.11909573761255565,0,1060,Nieuw-West,the rest
275000.0,63,4365.079365079365,12.524526376648708,4.143134726391533,0.0833601623874447,0,1025,Noord,the rest
239000.0,53,4509.433962264151,12.384218830913648,3.970291913552122,0.1265725018747066,1,1103,Zuid-Oost,Zuid-Oost
325000.0,44,7386.363636363636,12.691580461311874,3.784189633918261,0.031625498125293916,0,1052,West,the rest
2650000.0,387,6847.545219638243,14.790070197962406,5.958424693029782,0.01729950187470486,0,1073,Zuid,Centrum + Zuid
995000.0,97,10257.731958762886,13.81049801614073,4.574710978503383,0.011091498125296972,0,1016,Centrum,Centrum + Zuid
575000.0,145,3965.5172413793102,13.262125319779487,4.976733742420574,0.11601683761255543,0,1060,Nieuw-West,the rest
450000.0,73,6164.3835616438355,13.017002861746503,4.290459441148391,0.03578649812529644,0,1051,West,the rest
450000.0,97,4639.1752577319585,13.017002861746503,4.574710978503383,0.10760683761255052,0,1066,Nieuw-West,the rest
995000.0,127,7834.645669291339,13.81049801614073,4.844187086458591,0.005663501874703769,0,1072,Zuid,Centrum + Zuid
350000.0,110,3181.818181818182,12.765688433465597,4.700480365792417,0.07742716238744407,0,1034,Noord,the rest
535000.0,67,7985.074626865671,13.190022025878143,4.204692619390966,0.005054162387446937,0,1017,Centrum,Centrum + Zuid
585000.0,87,6724.137931034483,13.279367126213993,4.465908118654584,0.0664801623874478,0,1019,Oost,the rest
875000.0,117,7478.6324786324785,13.681979165339751,4.762173934797756,0.025695162387444626,0,1011,Centrum,Centrum + Zuid
475000.0,118,4025.423728813559,13.071070083016778,4.770684624465665,0.18320850187470583,1,1109,Zuid-Oost,Zuid-Oost
725000.0,88,8238.636363636364,13.493926933836812,4.477336814478207,0.03530783761254952,0,1058,Zuid,Centrum + Zuid
375000.0,43,8720.93023255814,12.834681304952548,3.7612001156935624,0.04445383761254984,0,1076,Zuid,Centrum + Zuid
550000.0,97,5670.103092783505,13.217673557208654,4.574710978503383,0.11014650187470565,0,1087,Oost,the rest
1100011.0,207,5314.062801932367,13.9108307377186,5.332718793265369,0.04901216238744688,0,1032,Noord,the rest
685000.0,78,8782.051282051281,13.437174117244362,4.356708826689592,0.01241050187470183,0,1072,Zuid,Centrum + Zuid
350000.0,144,2430.5555555555557,12.765688433465597,4.969813299576001,0.11852950187470679,1,1102,Zuid-Oost,Zuid-Oost
375000.0,56,6696.428571428572,12.834681304952548,4.02535169073515,0.04598616238744402,0,1094,Oost,the rest
395000.0,81,4876.543209876543,12.886641043883259,4.394449154672439,0.0479068376125511,0,1082,Zuid,Centrum + Zuid
450000.0,120,3750.0,13.017002861746503,4.787491742782046,0.11147350187470462,1,1102,Zuid-Oost,Zuid-Oost
325000.0,78,4166.666666666667,12.691580461311874,4.356708826689592,0.06929549812529423,0,1064,Nieuw-West,the rest
700000.0,130,5384.615384615385,13.458835614025542,4.867534450455582,0.11966750187470687,0,1087,Oost,the rest
425000.0,78,5448.717948717948,12.959844447906553,4.356708826689592,0.06606649812529497,0,1061,Nieuw-West,the rest
640000.0,58,11034.48275862069,13.369223455335854,4.060443010546419,0.027576162387445535,0,1011,Centrum,Centrum + Zuid
285000.0,37,7702.7027027027025,12.560244459250788,3.6109179126442243,0.09969683761254977,0,1066,Nieuw-West,the rest
899000.0,258,3484.4961240310076,13.709038313453757,5.552959584921617,0.12615316238744523,0,1027,Noord,the rest
700000.0,79,8860.759493670887,13.458835614025542,4.3694478524670215,0.04239450187470428,0,1079,Zuid,Centrum + Zuid
375000.0,63,5952.380952380952,12.834681304952548,4.143134726391533,0.05328916238744963,0,1033,Noord,the rest
398000.0,102,3901.9607843137255,12.894207284266574,4.624972813284271,0.08335116238744611,0,1025,Noord,the rest
675000.0,157,4299.363057324841,13.422467969854667,5.056245805348308,0.06393649812529656,0,1064,Nieuw-West,the rest
375000.0,47,7978.723404255319,12.834681304952548,3.8501476017100584,0.019920501874706176,0,1073,Zuid,Centrum + Zuid
325000.0,47,6914.893617021276,12.691580461311874,3.8501476017100584,0.039492498125293096,0,1057,West,the rest
730000.0,89,8202.247191011236,13.500799813124575,4.48863636973214,0.016876837612552542,0,1078,Zuid,Centrum + Zuid
465000.0,66,7045.454545454545,13.049792684569493,4.189654742026425,0.0516811623874478,0,1021,Noord,the rest
550000.0,114,4824.561403508772,13.217673557208654,4.736198448394496,0.08288516238744403,0,1023,Noord,the rest
265000.0,66,4015.151515151515,12.487485104968359,4.189654742026425,0.07739416238744568,0,1025,Noord,the rest
1500000.0,166,9036.144578313253,14.22097566607244,5.111987788356544,0.06943783761255506,0,1081,Zuid,Centrum + Zuid
295000.0,59,5000.0,12.594730635321957,4.07753744390572,0.08847016238744487,0,1024,Noord,the rest
849000.0,111,7648.648648648648,13.651814465293484,4.709530201312334,0.049434162387446356,0,1031,Noord,the rest
1550000.0,153,10130.718954248367,14.253765488895429,5.030437921392435,0.009171837612552025,0,1071,Zuid,Centrum + Zuid
750000.0,116,6465.517241379311,13.527828485512494,4.7535901911063645,0.054447162387444514,0,1032,Noord,the rest
335000.0,44,7613.636363636364,12.721885810807203,3.784189633918261,0.025945501874705457,0,1074,Zuid,Centrum + Zuid
325000.0,85,3823.529411764706,12.691580461311874,4.442651256490317,0.06885716238744788,0,1035,Noord,the rest
2450000.0,259,9459.45945945946,14.71159858252091,5.556828061699537,0.019349498125298403,0,1015,Centrum,Centrum + Zuid
300000.0,85,3529.4117647058824,12.611537753638338,4.442651256490317,0.09749616238744441,0,1025,Noord,the rest
650000.0,102,6372.549019607844,13.38472764187182,4.624972813284271,0.02498649812529674,0,1015,Centrum,Centrum + Zuid
500000.0,102,4901.9607843137255,13.122363377404328,4.624972813284271,0.0868594981252988,0,1063,Nieuw-West,the rest
350000.0,53,6603.773584905661,12.765688433465597,3.970291913552122,0.04152716238744514,0,1093,Oost,the rest
925000.0,145,6379.310344827586,13.737549016494562,4.976733742420574,0.05626216238744508,0,1019,Oost,the rest
225000.0,52,4326.923076923077,12.323855681186558,3.9512437185814275,0.1243885018747033,1,1103,Zuid-Oost,Zuid-Oost
598112.5674691749,81,7384.105771224381,13.301534255132868,4.394449154672439,0.035518498125295395,0,1013,West,the rest
4495000.0,178,25252.808988764045,15.318476225887858,5.181783550292085,0.014980162387447038,0,1012,Centrum,Centrum + Zuid
350000.0,55,6363.636363636364,12.765688433465597,4.007333185232471,0.05268049812529796,0,1056,West,the rest
1250000.0,147,8503.401360544218,14.038654109278484,4.990432586778736,0.024679162387447384,0,1013,West,the rest
799000.0,230,3473.913043478261,13.591116224748411,5.438079308923196,0.09805216238745107,0,1024,Noord,the rest
1495000.0,214,6985.981308411215,14.217636764806924,5.365976015021851,0.19025616238744814,0,1028,Noord,the rest
335000.0,92,3641.304347826087,12.721885810807203,4.5217885770490405,0.07901816238745063,0,1034,Noord,the rest
600000.0,135,4444.444444444444,13.304684934198283,4.90527477843843,0.08016549812529927,0,1064,Nieuw-West,the rest
535000.0,75,7133.333333333333,13.190022025878143,4.31748811353631,0.03847249812529441,0,1056,West,the rest
398011.0,61,6524.770491803279,12.894234922075603,4.110873864173311,0.054052162387446145,0,1033,Noord,the rest
500000.0,113,4424.778761061947,13.122363377404328,4.727387818712341,0.08024649812529905,0,1063,Nieuw-West,the rest
1000000.0,117,8547.008547008547,13.815510557964274,4.762173934797756,0.007555162387447467,0,1012,Centrum,Centrum + Zuid
1050000.0,154,6818.181818181818,13.864300722133706,5.0369526024136295,0.0894041623874493,0,1095,Oost,the rest
1000000.0,220,4545.454545454545,13.815510557964274,5.393627546352362,0.0960361623874455,0,1025,Noord,the rest
450000.0,111,4054.054054054054,13.017002861746503,4.709530201312334,0.11909983761255294,0,1060,Nieuw-West,the rest
365000.0,47,7765.95744680851,12.80765263256463,3.8501476017100584,0.03772449812529377,0,1051,West,the rest
375000.0,57,6578.9473684210525,12.834681304952548,4.04305126783455,0.06013949812529695,0,1055,West,the rest
350000.0,46,7608.695652173913,12.765688433465597,3.828641396489095,0.028779498125295788,0,1053,West,the rest
415000.0,54,7685.185185185185,12.936033799212835,3.9889840465642745,0.0447278376125535,0,1076,Zuid,Centrum + Zuid
375000.0,73,5136.986301369863,12.834681304952548,4.290459441148391,0.06894783761255052,0,1065,Nieuw-West,the rest
695000.0,96,7239.583333333333,13.45166712454693,4.564348191467836,0.025303162387447564,0,1011,Centrum,Centrum + Zuid
300000.0,38,7894.736842105263,12.611537753638338,3.6375861597263857,0.029238498125293333,0,1053,West,the rest
850000.0,123,6910.569105691057,13.652991628466498,4.812184355372417,0.0245304981252934,0,1053,West,the rest
775000.0,126,6150.793650793651,13.560618308335483,4.836281906951478,0.04784750187470177,0,1093,Oost,the rest
1170000.0,121,9669.421487603306,13.972514306773938,4.795790545596741,0.01698649812529407,0,1016,Centrum,Centrum + Zuid
525000.0,176,2982.9545454545455,13.17115354157376,5.170483995038151,0.14310850187470603,1,1104,Zuid-Oost,Zuid-Oost
275000.0,84,3273.809523809524,12.524526376648708,4.430816798843313,0.10549983761255444,0,1069,Nieuw-West,the rest
275000.0,40,6875.0,12.524526376648708,3.6888794541139363,0.04212616238744982,0,1018,Centrum,Centrum + Zuid
420000.0,73,5753.424657534247,12.948009990259552,4.290459441148391,0.06544683761255321,0,1081,Zuid,Centrum + Zuid
1200000.0,121,9917.355371900827,13.997832114758229,4.795790545596741,0.014520498125297543,0,1016,Centrum,Centrum + Zuid
345000.0,34,10147.058823529413,12.751299696013497,3.5263605246161616,0.044198837612554165,0,1075,Zuid,Centrum + Zuid
275000.0,31,8870.967741935483,12.524526376648708,3.4339872044851463,0.0198314981252965,0,1013,West,the rest
600000.0,110,5454.545454545455,13.304684934198283,4.700480365792417,0.09427250187470726,0,1086,Oost,the rest
375000.0,54,6944.444444444444,12.834681304952548,3.9889840465642745,0.029352498125295057,0,1052,West,the rest
475000.0,62,7661.290322580645,13.071070083016778,4.127134385045092,0.051740837612552326,0,1058,Zuid,Centrum + Zuid
800000.0,107,7476.6355140186915,13.592367006650065,4.672828834461906,0.02068049812529882,0,1016,Centrum,Centrum + Zuid
800000.0,130,6153.846153846154,13.592367006650065,4.867534450455582,0.04774250187470663,0,1093,Oost,the rest
570000.0,96,5937.5,13.253391639810733,4.564348191467836,0.049234837612556426,0,1058,Zuid,Centrum + Zuid
895000.0,184,4864.130434782609,13.704578997256993,5.214935757608986,0.09907116238744962,0,1086,Oost,the rest
895000.0,177,5056.497175141243,13.704578997256993,5.176149732573829,0.04560116238744971,0,1018,Centrum,Centrum + Zuid
300000.0,84,3571.4285714285716,12.611537753638338,4.430816798843313,0.17075850187470376,1,1107,Zuid-Oost,Zuid-Oost
350000.0,103,3398.0582524271845,12.765688433465597,4.634728988229636,0.095182498125296,0,1064,Nieuw-West,the rest
325000.0,70,4642.857142857143,12.691580461311874,4.248495242049359,0.060353498125298444,0,1065,Nieuw-West,the rest
450000.0,64,7031.25,13.017002861746503,4.1588830833596715,0.056293162387448525,0,1019,Oost,the rest
1475000.0,220,6704.545454545455,14.204168547756057,5.393627546352362,0.03504916238744915,0,1018,Centrum,Centrum + Zuid
750000.0,158,4746.835443037975,13.527828485512494,5.062595033026967,0.12096550187470534,0,1087,Oost,the rest
475000.0,74,6418.918918918919,13.071070083016778,4.30406509320417,0.026451498125296347,0,1053,West,the rest
385000.0,87,4425.287356321839,12.86099861326992,4.465908118654584,0.11545849812529596,0,1067,Nieuw-West,the rest
3680000.0,374,9839.57219251337,15.118423310145113,5.924255797414532,0.03860016238744457,0,1031,Noord,the rest
1095000.0,134,8171.641791044776,13.906264921232738,4.897839799950911,0.04370583761255453,0,1082,Zuid,Centrum + Zuid
325000.0,42,7738.0952380952385,12.691580461311874,3.7376696182833684,0.038664498125291935,0,1013,West,the rest
465000.0,67,6940.298507462687,13.049792684569493,4.204692619390966,0.05487283761255224,0,1059,Zuid,Centrum + Zuid
325000.0,37,8783.783783783783,12.691580461311874,3.6109179126442243,0.011144837612554248,0,1072,Zuid,Centrum + Zuid
300000.0,43,6976.7441860465115,12.611537753638338,3.7612001156935624,0.023551498125293335,0,1053,West,the rest
325000.0,42,7738.0952380952385,12.691580461311874,3.7376696182833684,0.0526891623874457,0,1095,Oost,the rest
500000.0,89,5617.9775280898875,13.122363377404328,4.48863636973214,0.07161216238744483,0,1019,Oost,the rest
320000.0,91,3516.4835164835163,12.676076274775909,4.51085950651685,0.16212150187470264,1,1107,Zuid-Oost,Zuid-Oost
895000.0,103,8689.320388349515,13.704578997256993,4.634728988229636,0.010750837612551578,0,1071,Zuid,Centrum + Zuid
550000.0,87,6321.83908045977,13.217673557208654,4.465908118654584,0.06346216238744429,0,1019,Oost,the rest
1099000.0,165,6660.606060606061,13.909911233385758,5.10594547390058,0.029612837612556397,0,1077,Zuid,Centrum + Zuid
300000.0,71,4225.352112676056,12.611537753638338,4.2626798770413155,0.1432565018747063,1,1108,Zuid-Oost,Zuid-Oost
450000.0,56,8035.714285714285,13.017002861746503,4.02535169073515,0.047004498125296834,0,1056,West,the rest
400000.0,52,7692.307692307692,12.89921982609012,3.9512437185814275,0.024721501874702234,0,1091,Oost,the rest
875000.0,96,9114.583333333334,13.681979165339751,4.564348191467836,0.010521498125295459,0,1016,Centrum,Centrum + Zuid
575000.0,71,8098.591549295775,13.262125319779487,4.2626798770413155,0.01320750187470665,0,1072,Zuid,Centrum + Zuid
635000.0,58,10948.275862068966,13.36138027787483,4.060443010546419,0.027576162387445535,0,1011,Centrum,Centrum + Zuid
400000.0,51,7843.137254901961,12.89921982609012,3.9318256327243257,0.03409149812529222,0,1058,Zuid,Centrum + Zuid
575000.0,134,4291.044776119403,13.262125319779487,4.897839799950911,0.03245483761255663,0,1083,Zuid,Centrum + Zuid
675000.0,93,7258.064516129032,13.422467969854667,4.532599493153256,0.01763350187470536,0,1074,Zuid,Centrum + Zuid
395000.0,101,3910.891089108911,12.886641043883259,4.61512051684126,0.17373150187470188,1,1107,Zuid-Oost,Zuid-Oost
265000.0,65,4076.923076923077,12.487485104968359,4.174387269895637,0.0926854981252978,0,1063,Nieuw-West,the rest
410000.0,66,6212.121212121212,12.92391243868049,4.189654742026425,0.035613501874703246,0,1092,Oost,the rest
650000.0,90,7222.222222222223,13.38472764187182,4.499809670330265,0.035389162387448714,0,1031,Noord,the rest
295000.0,41,7195.121951219512,12.594730635321957,3.713572066704308,0.04671250187470122,0,1097,Oost,the rest
875000.0,123,7113.821138211382,13.681979165339751,4.812184355372417,0.029114501874704324,0,1079,Zuid,Centrum + Zuid
835000.0,124,6733.870967741936,13.635187003832993,4.820281565605037,0.028703837612553684,0,1077,Zuid,Centrum + Zuid
465000.0,104,4471.153846153846,13.049792684569493,4.6443908991413725,0.07150616238745044,0,1034,Noord,the rest
525000.0,75,7000.0,13.17115354157376,4.31748811353631,0.057211501874701476,0,1095,Oost,the rest
450000.0,53,8490.566037735849,13.017002861746503,3.970291913552122,0.022974501874704067,0,1074,Zuid,Centrum + Zuid
1300000.0,141,9219.85815602837,14.077874822431765,4.948759890378168,0.04428550187470748,0,1096,Oost,the rest
1350000.0,173,7803.468208092486,14.115615150414612,5.153291594497779,0.010167837612549135,0,1072,Zuid,Centrum + Zuid
650000.0,77,8441.558441558442,13.38472764187182,4.343805421853684,0.03301749812529575,0,1057,West,the rest
675000.0,95,7105.263157894737,13.422467969854667,4.553876891600541,0.02629250187470422,0,1074,Zuid,Centrum + Zuid
750000.0,124,6048.387096774193,13.527828485512494,4.820281565605037,0.029707162387448527,0,1018,Centrum,Centrum + Zuid
325000.0,91,3571.4285714285716,12.691580461311874,4.51085950651685,0.1597685018747077,1,1106,Zuid-Oost,Zuid-Oost
550000.0,90,6111.111111111111,13.217673557208654,4.499809670330265,0.049207162387449266,0,1018,Centrum,Centrum + Zuid
350000.0,58,6034.482758620689,12.765688433465597,4.060443010546419,0.06406749812529622,0,1061,Nieuw-West,the rest
330000.0,78,4230.7692307692305,12.706847933442663,4.356708826689592,0.07019849812529877,0,1064,Nieuw-West,the rest
950000.0,94,10106.382978723404,13.764217263576723,4.543294782270004,0.03406049812529588,0,1014,West,the rest
1175000.0,159,7389.937106918239,13.976778705560397,5.0689042022202315,0.029886837612551176,0,1077,Zuid,Centrum + Zuid
325000.0,41,7926.829268292683,12.691580461311874,3.713572066704308,0.03862249812529761,0,1051,West,the rest
375000.0,43,8720.93023255814,12.834681304952548,3.7612001156935624,0.038361162387444914,0,1018,Centrum,Centrum + Zuid
550000.0,107,5140.186915887851,13.217673557208654,4.672828834461906,0.11628250187470623,0,1087,Oost,the rest
425000.0,52,8173.076923076923,12.959844447906553,3.9512437185814275,0.04109849812529909,0,1013,West,the rest
625000.0,95,6578.9473684210525,13.345506928718539,4.553876891600541,0.04959849812529882,0,1055,West,the rest
399000.0,62,6435.4838709677415,12.896716695872,4.127134385045092,0.04250083761255308,0,1058,Zuid,Centrum + Zuid
644900.0,92,7009.782608695652,13.376850544998469,4.5217885770490405,0.03766549812529707,0,1051,West,the rest
325000.0,87,3735.632183908046,12.691580461311874,4.465908118654584,0.11448783761255044,0,1060,Nieuw-West,the rest
2250000.0,250,9000.0,14.626440774180603,5.521460917862246,0.026962162387444977,0,1018,Centrum,Centrum + Zuid
500000.0,84,5952.380952380952,13.122363377404328,4.430816798843313,0.07223716238745048,0,1019,Oost,the rest
575000.0,80,7187.5,13.262125319779487,4.382026634673881,0.039430498125292424,0,1056,West,the rest
375000.0,57,6578.9473684210525,12.834681304952548,4.04305126783455,0.037343501874705254,0,1091,Oost,the rest
285000.0,29,9827.586206896553,12.560244459250788,3.367295829986474,0.03148649812529669,0,1052,West,the rest
275000.0,111,2477.4774774774774,12.524526376648708,4.709530201312334,0.14932250187470508,1,1107,Zuid-Oost,Zuid-Oost
550000.0,145,3793.103448275862,13.217673557208654,4.976733742420574,0.12081550187470125,0,1087,Oost,the rest
400000.0,79,5063.291139240507,12.89921982609012,4.3694478524670215,0.08180483761255175,0,1066,Nieuw-West,the rest
230000.0,60,3833.3333333333335,12.345834587905333,4.0943445622221,0.09533050187470149,1,1102,Zuid-Oost,Zuid-Oost
685000.0,110,6227.272727272727,13.437174117244362,4.700480365792417,0.041570501874701904,0,1096,Oost,the rest
395000.0,53,7452.830188679245,12.886641043883259,3.970291913552122,0.04054349812529345,0,1057,West,the rest
1450000.0,125,11600.0,14.187074114396758,4.8283137373023015,0.006467162387447267,0,1012,Centrum,Centrum + Zuid
1589115.9167367057,366,4341.84676704018,14.278688392346341,5.902633333401366,0.12287449812529339,0,1067,Nieuw-West,the rest
395000.0,69,5724.63768115942,12.886641043883259,4.23410650459726,0.04401816238744516,0,1018,Centrum,Centrum + Zuid
289500.0,108,2680.5555555555557,12.575910575995186,4.68213122712422,0.12218650187470192,1,1103,Zuid-Oost,Zuid-Oost
345000.0,57,6052.631578947368,12.751299696013497,4.04305126783455,0.04915683761255352,0,1082,Zuid,Centrum + Zuid
275000.0,83,3313.253012048193,12.524526376648708,4.418840607796598,0.149692401874705,1,1107,Zuid-Oost,Zuid-Oost
325000.0,77,4220.779220779221,12.691580461311874,4.343805421853684,0.09283716238744599,0,1024,Noord,the rest
325000.0,35,9285.714285714286,12.691580461311874,3.5553480614894135,0.03969249812529352,0,1051,West,the rest
275000.0,94,2925.531914893617,12.524526376648708,4.543294782270004,0.11845650187470103,1,1102,Zuid-Oost,Zuid-Oost
1500000.0,255,5882.35294117647,14.22097566607244,5.541263545158426,0.11650683761255465,0,1060,Nieuw-West,the rest
395000.0,115,3434.782608695652,12.886641043883259,4.74493212836325,0.17057750187470155,1,1106,Zuid-Oost,Zuid-Oost
300000.0,65,4615.384615384615,12.611537753638338,4.174387269895637,0.09298216238744939,0,1024,Noord,the rest
329000.0,74,4445.945945945946,12.70381302974751,4.30406509320417,0.07378816238744701,0,1025,Noord,the rest
365000.0,47,7765.95744680851,12.80765263256463,3.8501476017100584,0.027600498125294415,0,1052,West,the rest
275000.0,85,3235.294117647059,12.524526376648708,4.442651256490317,0.09588550187470535,1,1102,Zuid-Oost,Zuid-Oost
475000.0,106,4481.132075471698,13.071070083016778,4.663439094112067,0.12210483761255286,0,1060,Nieuw-West,the rest
775000.0,93,8333.333333333334,13.560618308335483,4.532599493153256,0.017830498125297467,0,1053,West,the rest
685000.0,107,6401.869158878505,13.437174117244362,4.672828834461906,0.04181583761255592,0,1077,Zuid,Centrum + Zuid
545000.0,61,8934.426229508197,13.208541073645382,4.110873864173311,0.020642162387447094,0,1018,Centrum,Centrum + Zuid
369000.0,56,6589.285714285715,12.818551923022664,4.02535169073515,0.04799050187470222,0,1094,Oost,the rest
750000.0,102,7352.941176470588,13.527828485512494,4.624972813284271,0.054598501874703054,0,1098,Oost,the rest
445000.0,101,4405.940594059406,13.005829561148378,4.61512051684126,0.06122549812529776,0,1064,Nieuw-West,the rest
500000.0,72,6944.444444444444,13.122363377404328,4.276666119016055,0.02034449812529804,0,1013,West,the rest
250000.0,61,4098.360655737705,12.429216196844383,4.110873864173311,0.09803849812529641,0,1063,Nieuw-West,the rest
1320000.0,230,5739.130434782609,14.093142294562554,5.438079308923196,0.009175501874706171,0,1017,Centrum,Centrum + Zuid
250000.0,28,8928.57142857143,12.429216196844383,3.332204510175204,0.026214498125294305,0,1015,Centrum,Centrum + Zuid
620000.0,86,7209.302325581395,13.337474757021274,4.454347296253507,0.03884050187470489,0,1092,Oost,the rest
350000.0,65,5384.615384615385,12.765688433465597,4.174387269895637,0.0495885018747062,0,1094,Oost,the rest
1750000.0,130,13461.538461538461,14.375126345899696,4.867534450455582,0.04391683761255205,0,1082,Zuid,Centrum + Zuid
450000.0,74,6081.081081081081,13.017002861746503,4.30406509320417,0.05119516238745003,0,1032,Noord,the rest
595000.0,93,6397.8494623655915,13.296316684527767,4.532599493153256,0.026228501874701493,0,1091,Oost,the rest
700000.0,103,6796.116504854369,13.458835614025542,4.634728988229636,0.13468916238744555,0,1028,Noord,the rest
575000.0,72,7986.111111111111,13.262125319779487,4.276666119016055,0.04843716238744733,0,1018,Centrum,Centrum + Zuid
295000.0,79,3734.1772151898736,12.594730635321957,4.3694478524670215,0.08699583761254903,0,1068,Nieuw-West,the rest
225000.0,54,4166.666666666667,12.323855681186558,3.9889840465642745,0.12265050187470283,1,1103,Zuid-Oost,Zuid-Oost
310000.0,78,3974.358974358974,12.644327576461329,4.356708826689592,0.08498149812529476,0,1068,Nieuw-West,the rest
399000.0,66,6045.454545454545,12.896716695872,4.189654742026425,0.05042316238745048,0,1019,Oost,the rest
685000.0,94,7287.234042553191,13.437174117244362,4.543294782270004,0.02729649812529278,0,1052,West,the rest
395000.0,63,6269.841269841269,12.886641043883259,4.143134726391533,0.009207162387450119,0,1012,Centrum,Centrum + Zuid
245000.0,73,3356.1643835616437,12.409013489526863,4.290459441148391,0.16248950187470257,1,1107,Zuid-Oost,Zuid-Oost
485000.0,109,4449.54128440367,13.091904169919621,4.6913478822291435,0.09005583761255487,0,1066,Nieuw-West,the rest
485000.0,67,7238.805970149254,13.091904169919621,4.204692619390966,0.03211049812529332,0,1052,West,the rest
700000.0,186,3763.440860215054,13.458835614025542,5.225746673713202,0.11830483761255284,0,1060,Nieuw-West,the rest
425000.0,82,5182.926829268293,12.959844447906553,4.406719247264253,0.03765416238744468,0,1093,Oost,the rest
265000.0,72,3680.5555555555557,12.487485104968359,4.276666119016055,0.12423650187470248,1,1104,Zuid-Oost,Zuid-Oost
300000.0,67,4477.611940298508,12.611537753638338,4.204692619390966,0.11900283761255093,0,1060,Nieuw-West,the rest
540000.0,69,7826.086956521739,13.199324418540456,4.23410650459726,0.04918683761255149,0,1058,Zuid,Centrum + Zuid
385000.0,74,5202.7027027027025,12.86099861326992,4.30406509320417,0.07362916238744521,0,1034,Noord,the rest
475000.0,61,7786.88524590164,13.071070083016778,4.110873864173311,0.03870849812529542,0,1014,West,the rest
515000.0,119,4327.731092436975,13.151922179645874,4.77912349311153,0.06933216238744766,0,1034,Noord,the rest
1300000.0,139,9352.51798561151,14.077874822431765,4.9344739331306915,0.018442498125296858,0,1016,Centrum,Centrum + Zuid
500000.0,100,5000.0,13.122363377404328,4.605170185988092,0.10428283761255575,0,1066,Nieuw-West,the rest
790000.0,109,7247.706422018348,13.579788224443204,4.6913478822291435,0.03944683761255341,0,1077,Zuid,Centrum + Zuid
695000.0,88,7897.727272727273,13.45166712454693,4.477336814478207,0.020281498125297226,0,1053,West,the rest
500000.0,84,5952.380952380952,13.122363377404328,4.430816798843313,0.04356650187470468,0,1079,Zuid,Centrum + Zuid
495000.0,117,4230.7692307692305,13.112313041550827,4.762173934797756,0.08829149812529735,0,1068,Nieuw-West,the rest
935000.0,85,11000.0,13.748301808270824,4.442651256490317,0.0031744981252970206,0,1017,Centrum,Centrum + Zuid
650000.0,86,7558.139534883721,13.38472764187182,4.454347296253507,0.025957501874702693,0,1091,Oost,the rest
280000.0,93,3010.7526881720432,12.542544882151386,4.532599493153256,0.12208450187470188,1,1102,Zuid-Oost,Zuid-Oost
320000.0,83,3855.421686746988,12.676076274775909,4.418840607796598,0.1619795018747059,1,1106,Zuid-Oost,Zuid-Oost
400000.0,88,4545.454545454545,12.89921982609012,4.477336814478207,0.08645483761255246,0,1068,Nieuw-West,the rest
2325000.0,150,15500.0,14.659230597003594,5.0106352940962555,0.011391162387448084,0,1017,Centrum,Centrum + Zuid
425000.0,71,5985.915492957746,12.959844447906553,4.2626798770413155,0.05345049812529279,0,1055,West,the rest
2475000.0,183,13524.590163934427,14.721750953984929,5.209486152841421,0.011658501874707738,0,1017,Centrum,Centrum + Zuid
700000.0,140,5000.0,13.458835614025542,4.941642422609304,0.06453183761255321,0,1062,Nieuw-West,the rest
625000.0,77,8116.883116883117,13.345506928718539,4.343805421853684,0.05627883761255248,0,1059,Zuid,Centrum + Zuid
335000.0,42,7976.190476190476,12.721885810807203,3.7376696182833684,0.02883449812529637,0,1053,West,the rest
600000.0,83,7228.915662650603,13.304684934198283,4.418840607796598,0.037014162387445815,0,1093,Oost,the rest
300000.0,88,3409.090909090909,12.611537753638338,4.477336814478207,0.08359483761255593,0,1068,Nieuw-West,the rest
350000.0,93,3763.440860215054,12.765688433465597,4.532599493153256,0.11454150187470802,1,1102,Zuid-Oost,Zuid-Oost
380000.0,77,4935.064935064935,12.84792653170257,4.343805421853684,0.1073384981252925,0,1067,Nieuw-West,the rest
425000.0,54,7870.37037037037,12.959844447906553,3.9889840465642745,0.04503683761255317,0,1076,Zuid,Centrum + Zuid
375000.0,45,8333.333333333334,12.834681304952548,3.8066624897703196,0.02216950187470612,0,1074,Zuid,Centrum + Zuid
275000.0,78,3525.641025641026,12.524526376648708,4.356708826689592,0.1237835018747031,1,1103,Zuid-Oost,Zuid-Oost
525000.0,64,8203.125,13.17115354157376,4.1588830833596715,0.016648498125293898,0,1016,Centrum,Centrum + Zuid
550000.0,93,5913.978494623656,13.217673557208654,4.532599493153256,0.07291716238744428,0,1019,Oost,the rest
645000.0,58,11120.689655172413,13.37700559577791,4.060443010546419,0.027576162387445535,0,1011,Centrum,Centrum + Zuid
345000.0,47,7340.425531914893,12.751299696013497,3.8501476017100584,0.02484650187470372,0,1078,Zuid,Centrum + Zuid
1325000.0,150,8833.333333333334,14.09692301740246,5.0106352940962555,0.01055750187470661,0,1017,Centrum,Centrum + Zuid
600000.0,159,3773.5849056603774,13.304684934198283,5.0689042022202315,0.1396925018747046,1,1104,Zuid-Oost,Zuid-Oost
350000.0,118,2966.101694915254,12.765688433465597,4.770684624465665,0.1462895018747039,1,1108,Zuid-Oost,Zuid-Oost
625000.0,74,8445.945945945947,13.345506928718539,4.30406509320417,0.01385516238744966,0,1017,Centrum,Centrum + Zuid
375000.0,104,3605.769230769231,12.834681304952548,4.6443908991413725,0.13748750187470637,1,1104,Zuid-Oost,Zuid-Oost
385000.0,54,7129.62962962963,12.86099861326992,3.9889840465642745,0.01446850187470261,0,1072,Zuid,Centrum + Zuid
399500.0,89,4488.76404494382,12.897969044188466,4.48863636973214,0.08265583761254991,0,1068,Nieuw-West,the rest
375000.0,84,4464.285714285715,12.834681304952548,4.430816798843313,0.11425149812529867,0,1067,Nieuw-West,the rest
269000.0,55,4890.909090909091,12.502466658583977,4.007333185232471,0.08225583761254995,0,1068,Nieuw-West,the rest
425000.0,142,2992.957746478873,12.959844447906553,4.955827057601261,0.15924050187470318,1,1107,Zuid-Oost,Zuid-Oost
375000.0,69,5434.782608695652,12.834681304952548,4.23410650459726,0.10162049812529705,0,1067,Nieuw-West,the rest
325000.0,76,4276.315789473684,12.691580461311874,4.330733340286331,0.06439016238744966,0,1034,Noord,the rest
375000.0,98,3826.530612244898,12.834681304952548,4.584967478670572,0.17064250187470353,1,1107,Zuid-Oost,Zuid-Oost
250000.0,48,5208.333333333333,12.429216196844383,3.871201010907891,0.08361449812529198,0,1063,Nieuw-West,the rest
365000.0,40,9125.0,12.80765263256463,3.6888794541139363,0.007644837612550859,0,1072,Zuid,Centrum + Zuid
225000.0,62,3629.032258064516,12.323855681186558,4.127134385045092,0.12075850187470483,1,1102,Zuid-Oost,Zuid-Oost
600000.0,82,7317.073170731707,13.304684934198283,4.406719247264253,0.05627449812529406,0,1055,West,the rest
425000.0,67,6343.2835820895525,12.959844447906553,4.204692619390966,0.030930837612554996,0,1077,Zuid,Centrum + Zuid
350000.0,68,5147.058823529412,12.765688433465597,4.219507705176107,0.061567498125292275,0,1065,Nieuw-West,the rest
1595000.0,199,8015.075376884422,14.282384294201082,5.293304824724492,0.014406498125294043,0,1015,Centrum,Centrum + Zuid
1450000.0,150,9666.666666666666,14.187074114396758,5.0106352940962555,0.00816016238744588,0,1012,Centrum,Centrum + Zuid
669000.0,107,6252.336448598131,13.413539339110365,4.672828834461906,0.06082916238744751,0,1035,Noord,the rest
335000.0,92,3641.304347826087,12.721885810807203,4.5217885770490405,0.07895816238744668,0,1025,Noord,the rest
775000.0,117,6623.931623931624,13.560618308335483,4.762173934797756,0.07087016238744503,0,1025,Noord,the rest
550000.0,72,7638.888888888889,13.217673557208654,4.276666119016055,0.042060498125295886,0,1057,West,the rest
425000.0,49,8673.469387755102,12.959844447906553,3.8918202981106265,0.018719501874706168,0,1074,Zuid,Centrum + Zuid
225000.0,53,4245.2830188679245,12.323855681186558,3.970291913552122,0.12316150187470676,1,1103,Zuid-Oost,Zuid-Oost
485000.0,93,5215.05376344086,13.091904169919621,4.532599493153256,0.051176162387448265,0,1021,Noord,the rest
450000.0,87,5172.413793103448,13.017002861746503,4.465908118654584,0.05470516238744505,0,1033,Noord,the rest
1250000.0,202,6188.118811881188,14.038654109278484,5.308267697401205,0.027542498125293413,0,1053,West,the rest
295000.0,29,10172.413793103447,12.594730635321957,3.367295829986474,0.007221498125298709,0,1017,Centrum,Centrum + Zuid
350000.0,71,4929.577464788732,12.765688433465597,4.2626798770413155,0.10215949812529512,0,1067,Nieuw-West,the rest
375000.0,101,3712.871287128713,12.834681304952548,4.61512051684126,0.08699749812529767,0,1063,Nieuw-West,the rest
285000.0,37,7702.7027027027025,12.560244459250788,3.6109179126442243,0.09969683761254977,0,1066,Nieuw-West,the rest
525000.0,138,3804.3478260869565,13.17115354157376,4.927253685157205,0.12724483761255456,0,1060,Nieuw-West,the rest
375000.0,55,6818.181818181818,12.834681304952548,4.007333185232471,0.0382674981252924,0,1056,West,the rest
459000.0,75,6120.0,13.036805489042683,4.31748811353631,0.05763950187470179,0,1098,Oost,the rest
315000.0,99,3181.818181818182,12.66032791780777,4.59511985013459,0.11275983761255226,0,1069,Nieuw-West,the rest
525000.0,70,7500.0,13.17115354157376,4.248495242049359,0.04941383761255036,0,1058,Zuid,Centrum + Zuid
525000.0,92,5706.521739130435,13.17115354157376,4.5217885770490405,0.05516916238744951,0,1019,Oost,the rest
1050000.0,63,16666.666666666668,13.864300722133706,4.143134726391533,0.021958162387448077,0,1018,Centrum,Centrum + Zuid
369000.0,78,4730.7692307692305,12.818551923022664,4.356708826689592,0.06082083761255053,0,1062,Nieuw-West,the rest
300000.0,85,3529.4117647058824,12.611537753638338,4.442651256490317,0.09619916238745052,0,1025,Noord,the rest
1400000.0,213,6572.769953051643,14.151982794585487,5.3612921657094255,0.01818316238744533,0,1012,Centrum,Centrum + Zuid
1000000.0,120,8333.333333333334,13.815510557964274,4.787491742782046,0.007436498125293234,0,1017,Centrum,Centrum + Zuid
375000.0,52,7211.538461538462,12.834681304952548,3.9512437185814275,0.04674249812529574,0,1013,West,the rest
549000.0,101,5435.6435643564355,13.215853720491667,4.61512051684126,0.04418116238744485,0,1031,Noord,the rest
1175000.0,164,7164.634146341464,13.976778705560397,5.099866427824199,0.03479216238744787,0,1018,Centrum,Centrum + Zuid
300000.0,35,8571.42857142857,12.611537753638338,3.5553480614894135,0.01246783761255621,0,1072,Zuid,Centrum + Zuid
450000.0,56,8035.714285714285,13.017002861746503,4.02535169073515,0.023871501874703327,0,1074,Zuid,Centrum + Zuid
590000.0,80,7375.0,13.287877815881902,4.382026634673881,0.026357498125293866,0,1053,West,the rest
825000.0,98,8418.367346938776,13.623138665316818,4.584967478670572,0.015026162387449915,0,1015,Centrum,Centrum + Zuid
469000.0,50,9380.0,13.058358047428417,3.912023005428146,0.019067162387444547,0,1015,Centrum,Centrum + Zuid
485000.0,59,8220.338983050848,13.091904169919621,4.07753744390572,0.04054850187470471,0,1092,Oost,the rest
1090000.0,149,7315.436241610738,13.901688254205327,5.003946305945459,0.014201501874707034,0,1072,Zuid,Centrum + Zuid
475000.0,79,6012.658227848101,13.071070083016778,4.3694478524670215,0.0532765018747039,0,1095,Oost,the rest
600000.0,132,4545.454545454545,13.304684934198283,4.882801922586371,0.12063850187470315,0,1087,Oost,the rest
675000.0,136,4963.235294117647,13.422467969854667,4.912654885736052,0.0887921623874437,0,1022,Noord,the rest
300000.0,30,10000.0,12.611537753638338,3.4011973816621555,0.0659228376125558,0,1065,Nieuw-West,the rest
260000.0,83,3132.5301204819275,12.468436909997665,4.418840607796598,0.1262285018747047,1,1104,Zuid-Oost,Zuid-Oost
425000.0,62,6854.8387096774195,12.959844447906553,4.127134385045092,0.05398349812529446,0,1056,West,the rest
275000.0,64,4296.875,12.524526376648708,4.1588830833596715,0.06718649812529609,0,1064,Nieuw-West,the rest
825000.0,114,7236.8421052631575,13.623138665316818,4.736198448394496,0.023239498125296798,0,1054,West,the rest
519900.0,120,4332.5,13.161391764371807,4.787491742782046,0.0855541623874485,0,1025,Noord,the rest
350000.0,87,4022.9885057471265,12.765688433465597,4.465908118654584,0.09526116238744553,0,1024,Noord,the rest
469000.0,109,4302.752293577982,13.058358047428417,4.6913478822291435,0.06333816238744916,0,1035,Noord,the rest
1499000.0,245,6118.367346938776,14.220308777084735,5.501258210544727,0.03954983761255182,0,1058,Zuid,Centrum + Zuid
360000.0,53,6792.452830188679,12.793859310432293,3.970291913552122,0.04609949812529823,0,1055,West,the rest
975000.0,165,5909.090909090909,13.790192749979985,5.10594547390058,0.06702716238744966,0,1019,Oost,the rest
275000.0,92,2989.1304347826085,12.524526376648708,4.5217885770490405,0.10832783761255005,0,1069,Nieuw-West,the rest
585000.0,99,5909.090909090909,13.279367126213993,4.59511985013459,0.05747749812529346,0,1061,Nieuw-West,the rest
270000.0,84,3214.285714285714,12.506177237980511,4.430816798843313,0.1513265018747072,1,1106,Zuid-Oost,Zuid-Oost
850000.0,109,7798.165137614679,13.652991628466498,4.6913478822291435,0.07412050187470687,0,1097,Oost,the rest
480000.0,60,8000.0,13.081541382884074,4.0943445622221,0.030772837612555115,0,1054,West,the rest
910000.0,136,6691.176470588235,13.721199878493033,4.912654885736052,0.015027837612549,0,1072,Zuid,Centrum + Zuid
525000.0,122,4303.2786885245905,13.17115354157376,4.804021044733257,0.0941241623874447,0,1024,Noord,the rest
235000.0,33,7121.212121212121,12.367340793126296,3.4965075614664802,0.0526884981252973,0,1062,Nieuw-West,the rest
1650000.0,235,7021.276595744681,14.316285845876763,5.459585514144159,0.07293683761255032,0,1065,Nieuw-West,the rest
600000.0,80,7500.0,13.304684934198283,4.382026634673881,0.027253498125296538,0,1053,West,the rest
350000.0,48,7291.666666666667,12.765688433465597,3.871201010907891,0.026223498125295563,0,1013,West,the rest
1775000.0,177,10028.24858757062,14.389310980891652,5.176149732573829,0.033412837612551094,0,1075,Zuid,Centrum + Zuid
1625000.0,199,8165.829145728643,14.301018373745976,5.293304824724492,0.015783498125292894,0,1016,Centrum,Centrum + Zuid
1950000.0,258,7558.139534883721,14.48333993053993,5.552959584921617,0.024773498125293614,0,1013,West,the rest
480000.0,127,3779.527559055118,13.081541382884074,4.844187086458591,0.10074183761255373,0,1066,Nieuw-West,the rest
1200000.0,231,5194.805194805195,13.997832114758229,5.442417710521793,0.09214250187470796,0,1086,Oost,the rest
900000.0,120,7500.0,13.710150042306449,4.787491742782046,0.0831881623874473,0,1023,Noord,the rest
240000.0,26,9230.76923076923,12.388394202324129,3.258096538021482,0.03169816238744705,0,1018,Centrum,Centrum + Zuid
389000.0,61,6377.049180327869,12.871334622600584,4.110873864173311,0.059943162387446236,0,1032,Noord,the rest
375000.0,54,6944.444444444444,12.834681304952548,3.9889840465642745,0.039432501874702375,0,1091,Oost,the rest
350000.0,75,4666.666666666667,12.765688433465597,4.31748811353631,0.06743449812529612,0,1064,Nieuw-West,the rest
650000.0,67,9701.492537313432,13.38472764187182,4.204692619390966,0.01429650187470255,0,1017,Centrum,Centrum + Zuid
450000.0,62,7258.064516129032,13.017002861746503,4.127134385045092,0.054022837612551555,0,1059,Zuid,Centrum + Zuid
235000.0,26,9038.461538461539,12.367340793126296,3.258096538021482,0.056156501874703224,0,1095,Oost,the rest
340000.0,44,7727.272727272727,12.736700896592344,3.784189633918261,0.027676498125292603,0,1053,West,the rest
300000.0,33,9090.90909090909,12.611537753638338,3.4965075614664802,0.017159501874705718,0,1073,Zuid,Centrum + Zuid
785000.0,112,7008.928571428572,13.573438996764546,4.718498871295094,0.02268116238744433,0,1012,Centrum,Centrum + Zuid
380000.0,100,3800.0,12.84792653170257,4.605170185988092,0.10499049812529648,0,1067,Nieuw-West,the rest
600000.0,116,5172.413793103448,13.304684934198283,4.7535901911063645,0.01732416238744605,0,1012,Centrum,Centrum + Zuid
425000.0,55,7727.272727272727,12.959844447906553,4.007333185232471,0.051932837612554295,0,1058,Zuid,Centrum + Zuid
430000.0,103,4174.757281553398,12.971540487669746,4.634728988229636,0.08281449812529829,0,1068,Nieuw-West,the rest
375000.0,35,10714.285714285714,12.834681304952548,3.5553480614894135,0.044198837612554165,0,1075,Zuid,Centrum + Zuid
375000.0,59,6355.932203389831,12.834681304952548,4.07753744390572,0.054589498125296565,0,1055,West,the rest
300000.0,48,6250.0,12.611537753638338,3.871201010907891,0.08189950187470707,0,1097,Oost,the rest
350000.0,41,8536.585365853658,12.765688433465597,3.713572066704308,0.02730249812529273,0,1053,West,the rest
350000.0,92,3804.3478260869565,12.765688433465597,4.5217885770490405,0.10282049812529248,0,1067,Nieuw-West,the rest
400000.0,78,5128.205128205128,12.89921982609012,4.356708826689592,0.07821849812529358,0,1063,Nieuw-West,the rest
540000.0,94,5744.68085106383,13.199324418540456,4.543294782270004,0.08967316238744605,0,1095,Oost,the rest
725000.0,95,7631.578947368421,13.493926933836812,4.553876891600541,0.018242498125298212,0,1015,Centrum,Centrum + Zuid
749000.0,150,4993.333333333333,13.526494262499357,5.0106352940962555,0.026056508518177424,0,1087,Oost,the rest
275000.0,73,3767.123287671233,12.524526376648708,4.290459441148391,0.16250750187470508,1,1107,Zuid-Oost,Zuid-Oost
795000.0,102,7794.117647058823,13.58609739363647,4.624972813284271,0.006918498125297212,0,1017,Centrum,Centrum + Zuid
275000.0,39,7051.282051282052,12.524526376648708,3.6635616461296463,0.06471649812529368,0,1061,Nieuw-West,the rest
425000.0,56,7589.285714285715,12.959844447906553,4.02535169073515,0.01883549812529406,0,1016,Centrum,Centrum + Zuid
995000.0,113,8805.309734513274,13.81049801614073,4.727387818712341,0.012993498125297265,0,1016,Centrum,Centrum + Zuid
375000.0,52,7211.538461538462,12.834681304952548,3.9512437185814275,0.04268449812529873,0,1056,West,the rest
245000.0,61,4016.3934426229507,12.409013489526863,4.110873864173311,0.10678983761255001,0,1069,Nieuw-West,the rest
425000.0,49,8673.469387755102,12.959844447906553,3.8918202981106265,0.05506649812529396,0,1055,West,the rest
385000.0,50,7700.0,12.86099861326992,3.912023005428146,0.041059498125294525,0,1051,West,the rest
325000.0,47,6914.893617021276,12.691580461311874,3.8501476017100584,0.036201501874702835,0,1079,Zuid,Centrum + Zuid
510000.0,91,5604.395604395604,13.142166004700508,4.51085950651685,0.05898616238744481,0,1034,Noord,the rest
340000.0,35,9714.285714285714,12.736700896592344,3.5553480614894135,0.019404162387445467,0,1012,Centrum,Centrum + Zuid
300000.0,68,4411.764705882353,12.611537753638338,4.219507705176107,0.06596316238744837,0,1035,Noord,the rest
225000.0,32,7031.25,12.323855681186558,3.4657359027997265,0.04684849812529546,0,1055,West,the rest
512000.0,64,8000.0,13.146079904021645,4.1588830833596715,0.025835162387448207,0,1011,Centrum,Centrum + Zuid
425000.0,82,5182.926829268293,12.959844447906553,4.406719247264253,0.05938349812529875,0,1064,Nieuw-West,the rest
850000.0,120,7083.333333333333,13.652991628466498,4.787491742782046,0.0063615018747036345,0,1017,Centrum,Centrum + Zuid
225000.0,61,3688.5245901639346,12.323855681186558,4.110873864173311,0.09869650187470391,1,1102,Zuid-Oost,Zuid-Oost
750000.0,114,6578.9473684210525,13.527828485512494,4.736198448394496,0.01865316238744441,0,1011,Centrum,Centrum + Zuid
1025000.0,135,7592.592592592592,13.840203170554645,4.90527477843843,0.02916683761255001,0,1077,Zuid,Centrum + Zuid
915000.0,88,10397.727272727272,13.726679344257658,4.477336814478207,0.017201498125293035,0,1015,Centrum,Centrum + Zuid
690000.0,100,6900.0,13.444446876573442,4.605170185988092,0.03971049812529426,0,1014,West,the rest
450000.0,60,7500.0,13.017002861746503,4.0943445622221,0.04551350187470771,0,1093,Oost,the rest
425000.0,69,6159.420289855072,12.959844447906553,4.23410650459726,0.058716498125295224,0,1055,West,the rest
